Métier,Secteur,Expérience,Salaire_Min,Salaire_Max,Salaire_Moyen,Description
"Analyste ESG","Finance","0-2 ans",35000,45000,40000,"Analyse et intégration des critères environnementaux, sociaux et de gouvernance dans l'évaluation des entreprises."
"Analyste ESG","Finance","2-5 ans",42000,52000,47000,"Analyse et intégration des critères environnementaux, sociaux et de gouvernance dans l'évaluation des entreprises."
"Analyste ESG","Finance","5-10 ans",50000,65000,57500,"Analyse et intégration des critères environnementaux, sociaux et de gouvernance dans l'évaluation des entreprises."
"Responsable ESG","Finance","0-2 ans",38000,47000,42500,"Mise en œuvre et supervision des stratégies ESG au sein des organisations financières."
"Responsable ESG","Finance","2-5 ans",47000,61000,54000,"Mise en œuvre et supervision des stratégies ESG au sein des organisations financières."
"Responsable ESG","Finance","5-10 ans",61000,75000,68000,"Mise en œuvre et supervision des stratégies ESG au sein des organisations financières."
"Consultant Développement Durable","Conseil","0-2 ans",32000,42000,37000,"Accompagnement des entreprises dans leur transition écologique et sociale."
"Consultant Développement Durable","Conseil","2-5 ans",40000,52000,46000,"Accompagnement des entreprises dans leur transition écologique et sociale."
"Consultant Développement Durable","Conseil","5-10 ans",52000,67000,59500,"Accompagnement des entreprises dans leur transition écologique et sociale."
"Chef de Projet RSE","Entreprise","0-2 ans",33000,43000,38000,"Pilotage de projets liés à la responsabilité sociétale des entreprises."
"Chef de Projet RSE","Entreprise","2-5 ans",42000,55000,48500,"Pilotage de projets liés à la responsabilité sociétale des entreprises."
"Chef de Projet RSE","Entreprise","5-10 ans",55000,68000,61500,"Pilotage de projets liés à la responsabilité sociétale des entreprises."
"Ingénieur Efficacité Énergétique","Énergie","0-2 ans",38000,48000,43000,"Optimisation de la consommation énergétique et solutions alternatives durables."
"Ingénieur Efficacité Énergétique","Énergie","2-5 ans",45000,60000,52500,"Optimisation de la consommation énergétique et solutions alternatives durables."
"Ingénieur Efficacité Énergétique","Énergie","5-10 ans",58000,75000,66500,"Optimisation de la consommation énergétique et solutions alternatives durables."
"Chargé de Mission Biodiversité","ONG/Public","0-2 ans",30000,38000,34000,"Protection et restauration des écosystèmes et de la biodiversité."
"Chargé de Mission Biodiversité","ONG/Public","2-5 ans",38000,45000,41500,"Protection et restauration des écosystèmes et de la biodiversité."
"Chargé de Mission Biodiversité","ONG/Public","5-10 ans",45000,55000,50000,"Protection et restauration des écosystèmes et de la biodiversité."
"Responsable Achats Durables","Entreprise","0-2 ans",35000,45000,40000,"Intégration de critères durables dans la politique d'achats."
"Responsable Achats Durables","Entreprise","2-5 ans",44000,58000,51000,"Intégration de critères durables dans la politique d'achats."
"Responsable Achats Durables","Entreprise","5-10 ans",56000,70000,63000,"Intégration de critères durables dans la politique d'achats."
"Expert Économie Circulaire","Conseil","0-2 ans",34000,44000,39000,"Développement de modèles économiques basés sur la réutilisation et le recyclage."
"Expert Économie Circulaire","Conseil","2-5 ans",42000,54000,48000,"Développement de modèles économiques basés sur la réutilisation et le recyclage."
"Expert Économie Circulaire","Conseil","5-10 ans",54000,68000,61000,"Développement de modèles économiques basés sur la réutilisation et le recyclage."
"Directeur RSE","Entreprise","0-2 ans",60000,80000,70000,"Direction stratégique de la politique de responsabilité sociétale."
"Directeur RSE","Entreprise","2-5 ans",80000,100000,90000,"Direction stratégique de la politique de responsabilité sociétale."
"Directeur RSE","Entreprise","5-10 ans",95000,130000,112500,"Direction stratégique de la politique de responsabilité sociétale."
"Data Analyst ESG","Finance","0-2 ans",36000,48000,42000,"Analyse et traitement des données ESG pour en tirer des insights."
"Data Analyst ESG","Finance","2-5 ans",45000,60000,52500,"Analyse et traitement des données ESG pour en tirer des insights."
"Data Analyst ESG","Finance","5-10 ans",60000,80000,70000,"Analyse et traitement des données ESG pour en tirer des insights."